編號,產業,關聯欄位,子分類,原始文字,公司名稱,股票代號,星等,是否為供應鏈敘述,group_id,股票代號_單一,yfinance_ticker
1,AI ASIC,台灣核心股,大型ASIC,世芯-KY 3661 ★★★★★,世芯-KY,3661,5,False,1,3661,3661.TW
1,AI ASIC,台灣核心股,,創意3443 ★★★★★,創意,3443,5,False,2,3443,3443.TW
1,AI ASIC,台灣核心股,,智原3035 ★★★★,智原,3035,4,False,3,3035,3035.TW
1,AI ASIC,台灣核心股,中小型ASIC,巨有科技8227 ★★★★,巨有科技,8227,4,False,4,8227,8227.TW
1,AI ASIC,台灣核心股,,益芯科7707 ★★★,益芯科,7707,3,False,5,7707,7707.TW
1,AI ASIC,台灣核心股,,擷發科7796 ★★★,擷發科,7796,3,False,6,7796,7796.TW
1,AI ASIC,台灣核心股,IC設計&ASIC,聯發科2454 ★★★★★,聯發科,2454,5,False,7,2454,2454.TW
1,AI ASIC,台灣核心股,,瑞昱2379 ★★★★,瑞昱,2379,4,False,8,2379,2379.TW
1,AI ASIC,台灣核心股,,聯詠3034 ★★★★,聯詠,3034,4,False,9,3034,3034.TW
1,AI ASIC,台灣核心股,投入ASIC,安國8054 ★★★,安國,8054,3,False,10,8054,8054.TW
1,AI ASIC,台灣核心股,,芯鼎6695 ★★★,芯鼎,6695,3,False,11,6695,6695.TW
1,AI ASIC,台灣核心股,,威盛2388 ★★★,威盛,2388,3,False,12,2388,2388.TW
1,AI ASIC,台灣核心股,,矽統2363 ★★★,矽統,2363,3,False,13,2363,2363.TW
1,AI ASIC,台灣核心股,,揚智3041 ★★★,揚智,3041,3,False,14,3041,3041.TW
1,AI ASIC,全球上游_供應,,SNPS★★★★,,SNPS,4,False,15,SNPS,SNPS
1,AI ASIC,全球上游_供應,,CDNS★★★★,,CDNS,4,False,16,CDNS,CDNS
1,AI ASIC,全球上游_供應,,ARM★★★★,,ARM,4,False,17,ARM,ARM
1,AI ASIC,全球上游_供應,,力旺3529★★★★,力旺,3529,4,False,18,3529,3529.TW
1,AI ASIC,全球上游_供應,,M31 6643★★★★,M31,6643,4,False,19,6643,6643.TW
1,AI ASIC,全球競爭_同業,,AVGO★★★★★,,AVGO,5,False,20,AVGO,AVGO
1,AI ASIC,全球競爭_同業,,MRVL★★★★★,,MRVL,5,False,21,MRVL,MRVL
1,AI ASIC,全球合作_需求端,Google TPU,Google TPU：GOOGL→AVGO→創意/聯發科,,GOOGL,0,True,22,GOOGL,GOOGL
1,AI ASIC,全球合作_需求端,Google TPU,Google TPU：GOOGL→AVGO→創意/聯發科,,AVGO,0,True,23,AVGO,AVGO
1,AI ASIC,全球合作_需求端,,AWS Trainium/Inferentia：AMZN→MRVL→世芯,,AMZN,0,True,24,AMZN,AMZN
1,AI ASIC,全球合作_需求端,,AWS Trainium/Inferentia：AMZN→MRVL→世芯,,MRVL,0,True,25,MRVL,MRVL
1,AI ASIC,全球合作_需求端,Meta MTIA,Meta MTIA：META→AVGO→創意,,META,0,True,26,META,META
1,AI ASIC,全球合作_需求端,Meta MTIA,Meta MTIA：META→AVGO→創意,,AVGO,0,True,27,AVGO,AVGO
1,AI ASIC,全球合作_需求端,Microsoft Maia,Microsoft Maia：MSFT→MRVL→創意,,MSFT,0,True,28,MSFT,MSFT
1,AI ASIC,全球合作_需求端,Microsoft Maia,Microsoft Maia：MSFT→MRVL→創意,,MRVL,0,True,29,MRVL,MRVL
1,AI ASIC,全球合作_需求端,,台積電2330/TSM★★★★★,台積電,2330/TSM,5,False,30,2330,2330.TW
1,AI ASIC,全球合作_需求端,,台積電2330/TSM★★★★★,台積電,2330/TSM,5,False,30,TSM,TSM
1,AI ASIC,台灣高關聯股,,京元電2449★★★★,京元電,2449,4,False,31,2449,2449.TW
1,AI ASIC,台灣高關聯股,,旺矽6223★★★★,旺矽,6223,4,False,32,6223,6223.TW
1,AI ASIC,台灣高關聯股,,精測6510★★★★,精測,6510,4,False,33,6510,6510.TW
1,AI ASIC,台灣高關聯股,,穎崴6515★★★★,穎崴,6515,4,False,34,6515,6515.TW
2,SoC／Connectivity,台灣核心股,,聯發科2454 ★★★★★,聯發科,2454,5,False,35,2454,2454.TW
2,SoC／Connectivity,台灣核心股,,瑞昱2379 ★★★★★,瑞昱,2379,5,False,36,2379,2379.TW
2,SoC／Connectivity,全球上游_供應,,台積電2330/TSM★★★★★,台積電,2330/TSM,5,False,37,2330,2330.TW
2,SoC／Connectivity,全球上游_供應,,台積電2330/TSM★★★★★,台積電,2330/TSM,5,False,37,TSM,TSM
2,SoC／Connectivity,全球上游_供應,,聯電2303★★★,聯電,2303,3,False,38,2303,2303.TW
2,SoC／Connectivity,全球上游_供應,,GFS★★★,,GFS,3,False,39,GFS,GFS
2,SoC／Connectivity,全球上游_供應,,ARM★★★★,,ARM,4,False,40,ARM,ARM
2,SoC／Connectivity,全球競爭_同業,,QCOM★★★★★,,QCOM,5,False,41,QCOM,QCOM
2,SoC／Connectivity,全球競爭_同業,,Samsung★★★★,Samsung,005930.KS,4,False,42,005930.KS,005930.KS
2,SoC／Connectivity,全球競爭_同業,,AVGO★★★★,,AVGO,4,False,43,AVGO,AVGO
2,SoC／Connectivity,全球競爭_同業,,MRVL★★★★,,MRVL,4,False,44,MRVL,MRVL
2,SoC／Connectivity,全球合作_需求端,,NVDA★★★★★,,NVDA,5,False,45,NVDA,NVDA
2,SoC／Connectivity,全球合作_需求端,,手機/Wi-Fi/Router/Edge AI/車用,手機/Wi-Fi/Router/Edge AI/車用,,0,False,46,,
2,SoC／Connectivity,台灣高關聯股,,聯詠3034★★★★,聯詠,3034,4,False,47,3034,3034.TW
2,SoC／Connectivity,台灣高關聯股,,矽格6257★★★★,矽格,6257,4,False,48,6257,6257.TW
2,SoC／Connectivity,台灣高關聯股,,京元電2449★★★★,京元電,2449,4,False,49,2449,2449.TW
3,NAND／AI SSD,台灣核心股,,群聯8299 ★★★★★,群聯,8299,5,False,50,8299,8299.TW
3,NAND／AI SSD,全球上游_供應,,MU★★★★★,,MU,5,False,51,MU,MU
3,NAND／AI SSD,全球上游_供應,,Kioxia285A.T★★★★★,Kioxia,285A.T,5,False,52,285A.T,285A.T
3,NAND／AI SSD,全球上游_供應,,Samsung★★★★,Samsung,005930.KS,4,False,53,005930.KS,005930.KS
3,NAND／AI SSD,全球上游_供應,,SK hynix★★★★,SK hynix,000660.KS,4,False,54,000660.KS,000660.KS
3,NAND／AI SSD,全球競爭_同業,,SIMO★★★★★,,SIMO,5,False,55,SIMO,SIMO
3,NAND／AI SSD,全球合作_需求端,,AI Server／Enterprise SSD／Storage,AI Server Enterprise SSD Storage,,0,False,56,,
3,NAND／AI SSD,台灣高關聯股,,威剛3260★★★★,威剛,3260,4,False,57,3260,3260.TW
3,NAND／AI SSD,台灣高關聯股,,十銓4967★★★,十銓,4967,3,False,58,4967,4967.TW
3,NAND／AI SSD,台灣高關聯股,,創見2451★★★,創見,2451,3,False,59,2451,2451.TW
4,NOR Flash,台灣核心股,,旺宏2337 ★★★★★,旺宏,2337,5,False,60,2337,2337.TW
4,NOR Flash,台灣核心股,,華邦電2344 ★★★★★,華邦電,2344,5,False,61,2344,2344.TW
4,NOR Flash,全球上游_供應,,晶圓材料／成熟製程,晶圓材料 成熟製程,,0,False,62,,
4,NOR Flash,全球競爭_同業,,兆易創新603986.SS★★★★★,兆易創新,603986.SS,5,False,63,603986.SS,603986.SS
4,NOR Flash,全球競爭_同業,,Infineon IFX.DE★★★★,Infineon,IFX.DE,4,False,64,IFX.DE,IFX.DE
4,NOR Flash,全球競爭_同業,,MCHP★★★,,MCHP,3,False,65,MCHP,MCHP
4,NOR Flash,全球合作_需求端,,車用／工控／消費電子,車用 工控 消費電子,,0,False,66,,
4,NOR Flash,台灣高關聯股,,旺宏↔華邦電★★★★★,旺宏↔華邦電,,5,False,67,,
5,Memory OSAT,台灣核心股,,力成6239★★★★★,力成,6239,5,False,68,6239,6239.TW
5,Memory OSAT,台灣核心股,,華泰2329★★★★,華泰,2329,4,False,69,2329,2329.TW
5,Memory OSAT,台灣核心股,,華東8110★★★★,華東,8110,4,False,70,8110,8110.TW
5,Memory OSAT,台灣核心股,,南茂8150★★★★,南茂,8150,4,False,71,8150,8150.TW
5,Memory OSAT,全球上游_供應,,MU★★★★★,,MU,5,False,72,MU,MU
5,Memory OSAT,全球上游_供應,,Kioxia★★★★★,Kioxia,285A.T,5,False,73,285A.T,285A.T
5,Memory OSAT,全球上游_供應,,SK hynix★★★★,SK hynix,000660.KS,4,False,74,000660.KS,000660.KS
5,Memory OSAT,全球上游_供應,,Samsung★★★★,Samsung,005930.KS,4,False,75,005930.KS,005930.KS
5,Memory OSAT,全球競爭_同業,,Hana Micron067310.KQ★★★★★,Hana Micron,067310.KQ,5,False,76,067310.KQ,067310.KQ
5,Memory OSAT,全球競爭_同業,,AMKR★★★★,,AMKR,4,False,77,AMKR,AMKR
5,Memory OSAT,全球競爭_同業,,JCET★★★,,JCET,3,False,78,JCET,JCET
5,Memory OSAT,全球合作_需求端,,DRAM/NAND出貨與稼動率,NAND出貨與稼動率,DRAM,0,False,79,DRAM,DRAM
5,Memory OSAT,台灣高關聯股,,群聯8299★★★,群聯,8299,3,False,80,8299,8299.TW
5,Memory OSAT,台灣高關聯股,,華邦電2344★★★,華邦電,2344,3,False,81,2344,2344.TW
5,Memory OSAT,台灣高關聯股,,南亞科2408★★★,南亞科,2408,3,False,82,2408,2408.TW
6,DDIC／COF封測,台灣核心股,,頎邦6147★★★★★,頎邦,6147,5,False,83,6147,6147.TW
6,DDIC／COF封測,台灣核心股,,南茂8150★★★★★,南茂,8150,5,False,84,8150,8150.TW
6,DDIC／COF封測,全球上游_供應,,聯詠3034★★★★★,聯詠,3034,5,False,85,3034,3034.TW
6,DDIC／COF封測,全球上游_供應,,瑞鼎3592★★★★,瑞鼎,3592,4,False,86,3592,3592.TW
6,DDIC／COF封測,全球上游_供應,,天鈺4961★★★★,天鈺,4961,4,False,87,4961,4961.TW
6,DDIC／COF封測,全球競爭_同業,,HIMX★★★★,,HIMX,4,False,88,HIMX,HIMX
6,DDIC／COF封測,全球競爭_同業,,LX Semicon108320.KS★★★★,LX Semicon,108320.KS,4,False,89,108320.KS,108320.KS
6,DDIC／COF封測,全球合作_需求端,,群創3481★★★★,群創,3481,4,False,90,3481,3481.TW
6,DDIC／COF封測,全球合作_需求端,,友達2409★★★★,友達,2409,4,False,91,2409,2409.TW
6,DDIC／COF封測,全球合作_需求端,,LG Display,LG Display,034220.KS,0,False,92,034220.KS,034220.KS
6,DDIC／COF封測,台灣高關聯股,,頎邦↔南茂★★★★★,頎邦↔南茂,,5,False,93,,
7,AI晶片測試,台灣核心股,,京元電2449★★★★★,京元電,2449,5,False,94,2449,2449.TW
7,AI晶片測試,台灣核心股,,矽格6257★★★★,矽格,6257,4,False,95,6257,6257.TW
7,AI晶片測試,台灣核心股,,欣銓3264★★★★,欣銓,3264,4,False,96,3264,3264.TW
7,AI晶片測試,全球上游_供應,,旺矽6223★★★★,旺矽,6223,4,False,97,6223,6223.TW
7,AI晶片測試,全球上游_供應,,精測6510★★★★,精測,6510,4,False,98,6510,6510.TW
7,AI晶片測試,全球上游_供應,,穎崴6515★★★★,穎崴,6515,4,False,99,6515,6515.TW
7,AI晶片測試,全球競爭_同業,,AMKR★★★,,AMKR,3,False,100,AMKR,AMKR
7,AI晶片測試,全球合作_需求端,,NVDA★★★★★,,NVDA,5,False,101,NVDA,NVDA
7,AI晶片測試,全球合作_需求端,,AVGO★★★★★,,AVGO,5,False,102,AVGO,AVGO
7,AI晶片測試,全球合作_需求端,,AMD★★★★,,AMD,4,False,103,AMD,AMD
7,AI晶片測試,台灣高關聯股,,世芯3661★★★★,世芯,3661,4,False,104,3661,3661.TW
7,AI晶片測試,台灣高關聯股,,創意3443★★★★,創意,3443,4,False,105,3443,3443.TW
8,Probe Card／測試介面,台灣核心股,,旺矽6223★★★★★,旺矽,6223,5,False,106,6223,6223.TW
8,Probe Card／測試介面,台灣核心股,,精測6510★★★★★,精測,6510,5,False,107,6510,6510.TW
8,Probe Card／測試介面,台灣核心股,,穎崴6515★★★★★,穎崴,6515,5,False,108,6515,6515.TW
8,Probe Card／測試介面,全球上游_供應,,精密材料／測試設備,精密材料 測試設備,,0,False,109,,
8,Probe Card／測試介面,全球競爭_同業,,FORM★★★★★,,FORM,5,False,110,FORM,FORM
8,Probe Card／測試介面,全球競爭_同業,,TPRO.MI★★★★★,,TPRO.MI,5,False,111,TPRO.MI,TPRO.MI
8,Probe Card／測試介面,全球競爭_同業,,MJC6871.T★★★★,MJC,6871.T,4,False,112,6871.T,6871.T
8,Probe Card／測試介面,全球競爭_同業,,JEM6855.T★★★,JEM,6855.T,3,False,113,6855.T,6855.T
8,Probe Card／測試介面,全球合作_需求端,,NVDA★★★★★,,NVDA,5,False,114,NVDA,NVDA
8,Probe Card／測試介面,全球合作_需求端,,AVGO★★★★,,AVGO,4,False,115,AVGO,AVGO
8,Probe Card／測試介面,全球合作_需求端,,TSM★★★★,,TSM,4,False,116,TSM,TSM
8,Probe Card／測試介面,台灣高關聯股,,雍智6683★★★,雍智,6683,3,False,117,6683,6683.TW
8,Probe Card／測試介面,台灣高關聯股,,中探針6217★★★,中探針,6217,3,False,118,6217,6217.TW
8,Probe Card／測試介面,台灣高關聯股,,京元電2449★★★★,京元電,2449,4,False,119,2449,2449.TW
9,半導體矽晶圓,台灣核心股,,環球晶6488★★★★★,環球晶,6488,5,False,120,6488,6488.TW
9,半導體矽晶圓,台灣核心股,,中美晶5483★★★★★,中美晶,5483,5,False,121,5483,5483.TW
9,半導體矽晶圓,全球上游_供應,,多晶矽／石英／化學材料,多晶矽 石英 化學材料,,0,False,122,,
9,半導體矽晶圓,全球競爭_同業,,SUMCO3436.T★★★★★,SUMCO,3436.T,5,False,123,3436.T,3436.T
9,半導體矽晶圓,全球競爭_同業,,信越4063.T★★★★★,信越,4063.T,5,False,124,4063.T,4063.T
9,半導體矽晶圓,全球競爭_同業,,Siltronic WAF.DE★★★★★,Siltronic,WAF.DE,5,False,125,WAF.DE,WAF.DE
9,半導體矽晶圓,全球競爭_同業,,SK Siltron★★★★,SK Siltron,,4,False,126,,
9,半導體矽晶圓,全球合作_需求端,,TSM★★★★★,,TSM,5,False,127,TSM,TSM
9,半導體矽晶圓,全球合作_需求端,,MU★★★★★,,MU,5,False,128,MU,MU
9,半導體矽晶圓,全球合作_需求端,,Samsung★★★★,Samsung,005930.KS,4,False,129,005930.KS,005930.KS
9,半導體矽晶圓,全球合作_需求端,,Intel★★★,Intel,INTC,3,False,130,INTC,INTC
9,半導體矽晶圓,台灣高關聯股,,台積電2330★★★★★,台積電,2330,5,False,131,2330,2330.TW
9,半導體矽晶圓,台灣高關聯股,,南亞科2408★★★,南亞科,2408,3,False,132,2408,2408.TW
10,ABF載板,台灣核心股,,欣興3037★★★★★,欣興,3037,5,False,133,3037,3037.TW
10,ABF載板,台灣核心股,,南電8046★★★★★,南電,8046,5,False,134,8046,8046.TW
10,ABF載板,台灣核心股,,景碩3189★★★★★,景碩,3189,5,False,135,3189,3189.TW
10,ABF載板,全球上游_供應,,Ajinomoto2802.T（ABF膜）★★★★★,Ajinomoto ABF膜,2802.T,5,False,136,2802.T,2802.T
10,ABF載板,全球上游_供應,,銅箔／玻纖,銅箔 玻纖,,0,False,137,,
10,ABF載板,全球競爭_同業,,Ibiden4062.T★★★★★,Ibiden,4062.T,5,False,138,4062.T,4062.T
10,ABF載板,全球競爭_同業,,SEMCO009150.KS★★★★★,SEMCO,009150.KS,5,False,139,009150.KS,009150.KS
10,ABF載板,全球競爭_同業,,AT&S★★★★,AT&S,ATS.VI,4,False,140,ATS.VI,ATS.VI
10,ABF載板,全球合作_需求端,,NVDA★★★★★,,NVDA,5,False,141,NVDA,NVDA
10,ABF載板,全球合作_需求端,,AMD★★★★,,AMD,4,False,142,AMD,AMD
10,ABF載板,全球合作_需求端,,AVGO★★★★,,AVGO,4,False,143,AVGO,AVGO
10,ABF載板,台灣高關聯股,,三檔互為直接同業★★★★★,三檔互為直接同業,,5,False,144,,
11,玻纖布,台灣核心股,,富喬1815★★★★★,富喬,1815,5,False,145,1815,1815.TW
11,玻纖布,台灣核心股,,台玻1802★★★★★,台玻,1802,5,False,146,1802,1802.TW
11,玻纖布,台灣核心股,,德宏5475★★★★,德宏,5475,4,False,147,5475,5475.TW
11,玻纖布,台灣核心股,,宏和1446★★★★,宏和,1446,4,False,148,1446,1446.TW
11,玻纖布,全球上游_供應,,玻纖原料／玻纖紗,玻纖原料 玻纖紗,,0,False,149,,
11,玻纖布,全球競爭_同業,,日東紡3110.T★★★★★,日東紡,3110.T,5,False,150,3110.T,3110.T
11,玻纖布,全球合作_需求端,,CCL／AI PCB／AI Server,AI PCB AI Server,CCL,0,False,151,CCL,CCL
11,玻纖布,台灣高關聯股,,建榮5340★★★,建榮,5340,3,False,152,5340,5340.TW
11,玻纖布,台灣高關聯股,,台光電2383★★★★,台光電,2383,4,False,153,2383,2383.TW
11,玻纖布,台灣高關聯股,,台燿6274★★★★,台燿,6274,4,False,154,6274,6274.TW
12,HVLP銅箔,台灣核心股,,金居8358★★★★★,金居,8358,5,False,155,8358,8358.TW
12,HVLP銅箔,台灣核心股,,南亞1303★★★★,南亞,1303,4,False,156,1303,1303.TW
12,HVLP銅箔,台灣核心股,,榮科4989★★★,榮科,4989,3,False,157,4989,4989.TW
12,HVLP銅箔,全球上游_供應,,銅價／電解銅,銅價 電解銅,,0,False,158,,
12,HVLP銅箔,全球競爭_同業,,三井金屬5706.T★★★★★,三井金屬,5706.T,5,False,159,5706.T,5706.T
12,HVLP銅箔,全球競爭_同業,,古河電工5801.T★★★★★,古河電工,5801.T,5,False,160,5801.T,5801.T
12,HVLP銅箔,全球合作_需求端,,CCL／高速PCB／AI Switch,高速PCB AI Switch,CCL,0,False,161,CCL,CCL
12,HVLP銅箔,台灣高關聯股,,台光電2383★★★★★,台光電,2383,5,False,162,2383,2383.TW
12,HVLP銅箔,台灣高關聯股,,台燿6274★★★★,台燿,6274,4,False,163,6274,6274.TW
12,HVLP銅箔,台灣高關聯股,,金像電2368★★★★,金像電,2368,4,False,164,2368,2368.TW
13,CCL,台灣核心股,,台光電2383★★★★★,台光電,2383,5,False,165,2383,2383.TW
13,CCL,台灣核心股,,台燿6274★★★★★,台燿,6274,5,False,166,6274,6274.TW
13,CCL,台灣核心股,,聯茂6213★★★★,聯茂,6213,4,False,167,6213,6213.TW
13,CCL,全球上游_供應,,玻纖布＋HVLP銅箔,玻纖布＋銅箔,HVLP,0,False,168,HVLP,HVLP
13,CCL,全球競爭_同業,,Panasonic材料鏈★★★★,Panasonic材料鏈,,4,False,169,,
13,CCL,全球競爭_同業,,三家互為競爭,三家互為競爭,,0,False,170,,
13,CCL,全球合作_需求端,,AVGO★★★★★,,AVGO,5,False,171,AVGO,AVGO
13,CCL,全球合作_需求端,,NVDA★★★★,,NVDA,4,False,172,NVDA,NVDA
13,CCL,全球合作_需求端,,MRVL★★★★,,MRVL,4,False,173,MRVL,MRVL
13,CCL,台灣高關聯股,,富喬1815★★★★,富喬,1815,4,False,174,1815,1815.TW
13,CCL,台灣高關聯股,,金居8358★★★★,金居,8358,4,False,175,8358,8358.TW
13,CCL,台灣高關聯股,,金像電2368★★★★★,金像電,2368,5,False,176,2368,2368.TW
14,AI PCB,台灣核心股,,金像電2368★★★★★,金像電,2368,5,False,177,2368,2368.TW
14,AI PCB,台灣核心股,,健鼎3044★★★★,健鼎,3044,4,False,178,3044,3044.TW
14,AI PCB,台灣核心股,,華通2313★★★★,華通,2313,4,False,179,2313,2313.TW
14,AI PCB,台灣核心股,,欣興3037★★★★,欣興,3037,4,False,180,3037,3037.TW
14,AI PCB,全球上游_供應,,CCL／HVLP銅箔／玻纖布,HVLP銅箔 玻纖布,CCL,0,False,181,CCL,CCL
14,AI PCB,全球競爭_同業,,TTMI★★★★★,,TTMI,5,False,182,TTMI,TTMI
14,AI PCB,全球競爭_同業,,WUS002463.SZ★★★★★,WUS,002463.SZ,5,False,183,002463.SZ,002463.SZ
14,AI PCB,全球競爭_同業,,ISU Petasys007660.KS★★★★★,ISU Petasys,007660.KS,5,False,184,007660.KS,007660.KS
14,AI PCB,全球合作_需求端,,AVGO★★★★★,,AVGO,5,False,185,AVGO,AVGO
14,AI PCB,全球合作_需求端,,NVDA★★★★★,,NVDA,5,False,186,NVDA,NVDA
14,AI PCB,全球合作_需求端,,MRVL★★★★,,MRVL,4,False,187,MRVL,MRVL
14,AI PCB,台灣高關聯股,,台光電2383★★★★★,台光電,2383,5,False,188,2383,2383.TW
14,AI PCB,台灣高關聯股,,台燿6274★★★★,台燿,6274,4,False,189,6274,6274.TW
15,被動元件／MLCC,台灣核心股,,國巨2327★★★★★,國巨,2327,5,False,190,2327,2327.TW
15,被動元件／MLCC,台灣核心股,,華新科2492★★★★★,華新科,2492,5,False,191,2492,2492.TW
15,被動元件／MLCC,台灣核心股,,信昌電6173★★★★,信昌電,6173,4,False,192,6173,6173.TW
15,被動元件／MLCC,全球上游_供應,,Sakai Chemical4078.T★★★★,Sakai Chemical,4078.T,4,False,193,4078.T,4078.T
15,被動元件／MLCC,全球上游_供應,,信昌電陶瓷粉★★★★,信昌電陶瓷粉,,4,False,194,,
15,被動元件／MLCC,全球上游_供應,,勤凱4760★★★★,勤凱,4760,4,False,195,4760,4760.TW
15,被動元件／MLCC,全球競爭_同業,,Murata6981.T★★★★★,Murata,6981.T,5,False,196,6981.T,6981.T
15,被動元件／MLCC,全球競爭_同業,,SEMCO★★★★★,,SEMCO,5,False,197,SEMCO,SEMCO
15,被動元件／MLCC,全球競爭_同業,,Taiyo Yuden★★★★,Taiyo Yuden,6976.T,4,False,198,6976.T,6976.T
15,被動元件／MLCC,全球競爭_同業,,TDK★★★★,,TDK,4,False,199,TDK,TDK
15,被動元件／MLCC,全球競爭_同業,,VSH★★★,,VSH,3,False,200,VSH,VSH
15,被動元件／MLCC,全球合作_需求端,,AI Server／車用／手機／工控,AI Server 車用 手機 工控,,0,False,201,,
15,被動元件／MLCC,台灣高關聯股,,禾伸堂3026★★★★,禾伸堂,3026,4,False,202,3026,3026.TW
15,被動元件／MLCC,台灣高關聯股,,大毅2478★★★★,大毅,2478,4,False,203,2478,2478.TW
15,被動元件／MLCC,台灣高關聯股,,凱美2375★★★,凱美,2375,3,False,204,2375,2375.TW
16,AI Server,台灣核心股,,廣達2382★★★★★,廣達,2382,5,False,205,2382,2382.TW
16,AI Server,台灣核心股,,緯穎6669★★★★★,緯穎,6669,5,False,206,6669,6669.TW
16,AI Server,台灣核心股,,技嘉2376★★★★★,技嘉,2376,5,False,207,2376,2376.TW
16,AI Server,台灣核心股,,微星2377★★★★,微星,2377,4,False,208,2377,2377.TW
16,AI Server,台灣核心股,,華碩2357★★★★,華碩,2357,4,False,209,2357,2357.TW
16,AI Server,全球上游_供應,,NVDA★★★★★,,NVDA,5,False,210,NVDA,NVDA
16,AI Server,全球上游_供應,,AMD★★★★,,AMD,4,False,211,AMD,AMD
16,AI Server,全球上游_供應,,Memory/Networking/PCB/散熱/PSU,Memory/Networking/PCB/散熱/PSU,,0,False,212,,
16,AI Server,全球競爭_同業,,SMCI★★★★★,,SMCI,5,False,213,SMCI,SMCI
16,AI Server,全球競爭_同業,,DELL★★★★★,,DELL,5,False,214,DELL,DELL
16,AI Server,全球競爭_同業,,HPE★★★★,,HPE,4,False,215,HPE,HPE
16,AI Server,全球競爭_同業,,Lenovo★★★,Lenovo,0992.HK,3,False,216,0992.HK,0992.HK
16,AI Server,全球合作_需求端,,MSFT/META/GOOGL/AMZN CapEx,META/GOOGL/AMZN CapEx,MSFT,0,False,217,MSFT,MSFT
16,AI Server,台灣高關聯股,,勤誠8210★★★★,勤誠,8210,4,False,218,8210,8210.TW
16,AI Server,台灣高關聯股,,晟銘電3013★★★,晟銘電,3013,3,False,219,3013,3013.TW
16,AI Server,台灣高關聯股,,鴻海2317★★★★,鴻海,2317,4,False,220,2317,2317.TW
17,AI散熱／液冷,台灣核心股,,雙鴻3324★★★★★,雙鴻,3324,5,False,221,3324,3324.TW
17,AI散熱／液冷,台灣核心股,,奇鋐3017★★★★★,奇鋐,3017,5,False,222,3017,3017.TW
17,AI散熱／液冷,台灣核心股,,健策3653★★★★★,健策,3653,5,False,223,3653,3653.TW
17,AI散熱／液冷,全球上游_供應,,NVDA GPU功耗,GPU功耗,NVDA,0,False,224,NVDA,NVDA
17,AI散熱／液冷,全球上游_供應,,Cold Plate/CDU/Fan/Quick Connector,Cold Plate/CDU/Fan/Quick Connector,,0,False,225,,
17,AI散熱／液冷,全球競爭_同業,,VRT★★★★★,,VRT,5,False,226,VRT,VRT
17,AI散熱／液冷,全球競爭_同業,,ETN★★★★★,,ETN,5,False,227,ETN,ETN
17,AI散熱／液冷,全球競爭_同業,,MOD★★★★,,MOD,4,False,228,MOD,MOD
17,AI散熱／液冷,全球競爭_同業,,Nidec6594.T★★★★,Nidec,6594.T,4,False,229,6594.T,6594.T
17,AI散熱／液冷,全球合作_需求端,,SMCI★★★★,,SMCI,4,False,230,SMCI,SMCI
17,AI散熱／液冷,全球合作_需求端,,AI Server/Data Center,AI Server/Data Center,,0,False,231,,
17,AI散熱／液冷,台灣高關聯股,,富世達6805★★★★,富世達,6805,4,False,232,6805,6805.TW
17,AI散熱／液冷,台灣高關聯股,,高力8996★★★★,高力,8996,4,False,233,8996,8996.TW
17,AI散熱／液冷,台灣高關聯股,,建準2421★★★,建準,2421,3,False,234,2421,2421.TW
18,矽光子／CPO,台灣核心股,InP/III-V,聯亞3081★★★★★,聯亞,3081,5,False,235,3081,3081.TW
18,矽光子／CPO,台灣核心股,,全新2455★★★★,全新,2455,4,False,236,2455,2455.TW
18,矽光子／CPO,台灣核心股,,環宇-KY4991★★★★★,環宇-KY,4991,5,False,237,4991,4991.TW
18,矽光子／CPO,台灣核心股,,IET-KY4971★★★★★,IET-KY,4971,5,False,238,4971,4971.TW
18,矽光子／CPO,台灣核心股,,穩懋3105★★★★,穩懋,3105,4,False,239,3105,3105.TW
18,矽光子／CPO,台灣核心股,,宏捷科8086★★★,宏捷科,8086,3,False,240,8086,8086.TW
18,矽光子／CPO,台灣核心股,FAU/連接,上詮3363★★★★★,上詮,3363,5,False,241,3363,3363.TW
18,矽光子／CPO,台灣核心股,,波若威3163★★★★,波若威,3163,4,False,242,3163,3163.TW
18,矽光子／CPO,台灣核心股,光模組/元件,華星光4979★★★★★,華星光,4979,5,False,243,4979,4979.TW
18,矽光子／CPO,台灣核心股,,聯鈞3450★★★★,聯鈞,3450,4,False,244,3450,3450.TW
18,矽光子／CPO,台灣核心股,,眾達-KY4977★★★★,眾達-KY,4977,4,False,245,4977,4977.TW
18,矽光子／CPO,台灣核心股,封裝,訊芯-KY6451★★★★,訊芯-KY,6451,4,False,246,6451,6451.TW
18,矽光子／CPO,台灣核心股,,日月光3711★★★★,日月光,3711,4,False,247,3711,3711.TW
18,矽光子／CPO,台灣核心股,,台積電2330★★★★★,台積電,2330,5,False,248,2330,2330.TW
18,矽光子／CPO,全球上游_供應,,InP基板/銦材料 → MOCVD/MBE磊晶 → InP雷射/PD/APD → SiPh/FAU → 光模組 → CPO封裝,,MOCVD,0,True,249,MOCVD,MOCVD
18,矽光子／CPO,全球上游_供應,,InP基板/銦材料 → MOCVD/MBE磊晶 → InP雷射/PD/APD → SiPh/FAU → 光模組 → CPO封裝,,MBE,0,True,250,MBE,MBE
18,矽光子／CPO,全球上游_供應,,InP基板/銦材料 → MOCVD/MBE磊晶 → InP雷射/PD/APD → SiPh/FAU → 光模組 → CPO封裝,,PD,0,True,251,PD,PD
18,矽光子／CPO,全球上游_供應,,InP基板/銦材料 → MOCVD/MBE磊晶 → InP雷射/PD/APD → SiPh/FAU → 光模組 → CPO封裝,,APD,0,True,252,APD,APD
18,矽光子／CPO,全球上游_供應,,InP基板/銦材料 → MOCVD/MBE磊晶 → InP雷射/PD/APD → SiPh/FAU → 光模組 → CPO封裝,,FAU,0,True,253,FAU,FAU
18,矽光子／CPO,全球上游_供應,,InP基板/銦材料 → MOCVD/MBE磊晶 → InP雷射/PD/APD → SiPh/FAU → 光模組 → CPO封裝,,CPO,0,True,254,CPO,CPO
18,矽光子／CPO,全球上游_供應,,InP供給與銦出口政策為上游風險,InP供給與銦出口政策為上游風險,,0,False,255,,
18,矽光子／CPO,全球競爭_同業,,COHR★★★★★,,COHR,5,False,256,COHR,COHR
18,矽光子／CPO,全球競爭_同業,,LITE★★★★★,,LITE,5,False,257,LITE,LITE
18,矽光子／CPO,全球競爭_同業,,AVGO★★★★★,,AVGO,5,False,258,AVGO,AVGO
18,矽光子／CPO,全球競爭_同業,,中際旭創300308.SZ★★★★★,中際旭創,300308.SZ,5,False,259,300308.SZ,300308.SZ
18,矽光子／CPO,全球競爭_同業,,新易盛300502.SZ★★★★★,新易盛,300502.SZ,5,False,260,300502.SZ,300502.SZ
18,矽光子／CPO,全球競爭_同業,,Sumitomo Electric 5802.T★★★★,Sumitomo Electric,5802.T,4,False,261,5802.T,5802.T
18,矽光子／CPO,全球競爭_同業,,Mitsubishi Electric 6503.T★★★,Mitsubishi Electric,6503.T,3,False,262,6503.T,6503.T
18,矽光子／CPO,全球合作_需求端,,NVDA★★★★★,,NVDA,5,False,263,NVDA,NVDA
18,矽光子／CPO,全球合作_需求端,,AVGO★★★★★,,AVGO,5,False,264,AVGO,AVGO
18,矽光子／CPO,全球合作_需求端,,MRVL★★★★,,MRVL,4,False,265,MRVL,MRVL
18,矽光子／CPO,全球合作_需求端,,AMZN/GOOGL/MSFT/META資料中心CapEx,GOOGL/MSFT/META資料中心CapEx,AMZN,0,False,266,AMZN,AMZN
18,矽光子／CPO,全球合作_需求端,,800G→1.6T→CPO升級,,800G,0,True,267,800G,800G
18,矽光子／CPO,全球合作_需求端,,800G→1.6T→CPO升級,,CPO,0,True,268,CPO,CPO
18,矽光子／CPO,台灣高關聯股,,聯亞↔IET-KY↔環宇-KY（InP）★★★★★,聯亞↔-KY↔環宇-KY InP,IET,5,False,269,IET,IET
18,矽光子／CPO,台灣高關聯股,,全新↔穩懋↔宏捷科（三五族）★★★★,全新↔穩懋↔宏捷科 三五族,,4,False,270,,
18,矽光子／CPO,台灣高關聯股,,上詮/波若威（FAU）★★★★,上詮/波若威,FAU,4,False,271,FAU,FAU
18,矽光子／CPO,台灣高關聯股,,華星光/聯鈞/眾達（光模組）★★★★★,華星光/聯鈞/眾達 光模組,,5,False,272,,
19,光學鏡頭－手機,台灣核心股,,大立光3008★★★★★,大立光,3008,5,False,273,3008,3008.TW
19,光學鏡頭－手機,台灣核心股,,先進光3362★★★★,先進光,3362,4,False,274,3362,3362.TW
19,光學鏡頭－手機,台灣核心股,,玉晶光3406★★★★★,玉晶光,3406,5,False,275,3406,3406.TW
19,光學鏡頭－手機,全球上游_供應,,光學材料／Sensor,光學材料 Sensor,,0,False,276,,
19,光學鏡頭－手機,全球競爭_同業,,舜宇光學2382.HK★★★★★,舜宇光學,2382.HK,5,False,277,2382.HK,2382.HK
19,光學鏡頭－手機,全球合作_需求端,,AAPL★★★★,,AAPL,4,False,278,AAPL,AAPL
19,光學鏡頭－手機,全球合作_需求端,,手機新品週期,手機新品週期,,0,False,279,,
19,光學鏡頭－手機,台灣高關聯股,,亞光3019★★★★,亞光,3019,4,False,280,3019,3019.TW
19,光學鏡頭－手機,台灣高關聯股,,今國光6209★★★,今國光,6209,3,False,281,6209,6209.TW
20,光學鏡頭－CPO/AI光學,台灣核心股,,先進光3362★★★★★,先進光,3362,5,False,282,3362,3362.TW
20,光學鏡頭－CPO/AI光學,台灣核心股,,大立光3008★★★★,大立光,3008,4,False,283,3008,3008.TW
20,光學鏡頭－CPO/AI光學,台灣核心股,,上詮3363★★★★★,上詮,3363,5,False,284,3363,3363.TW
20,光學鏡頭－CPO/AI光學,全球上游_供應,,光纖/精密光學/V-Groove/FA,光纖/精密光學/V-Groove/FA,,0,False,285,,
20,光學鏡頭－CPO/AI光學,全球競爭_同業,,COHR★★★★★,,COHR,5,False,286,COHR,COHR
20,光學鏡頭－CPO/AI光學,全球競爭_同業,,LITE★★★★,,LITE,4,False,287,LITE,LITE
20,光學鏡頭－CPO/AI光學,全球合作_需求端,,AVGO★★★★★,,AVGO,5,False,288,AVGO,AVGO
20,光學鏡頭－CPO/AI光學,全球合作_需求端,,CPO/高速光通訊,高速光通訊,CPO,0,False,289,CPO,CPO
20,光學鏡頭－CPO/AI光學,台灣高關聯股,,波若威3163★★★★,波若威,3163,4,False,290,3163,3163.TW
20,光學鏡頭－CPO/AI光學,台灣高關聯股,,華星光4979★★★★,華星光,4979,4,False,291,4979,4979.TW
21,機器人／Physical AI,台灣核心股,,達明4585★★★★★,達明,4585,5,False,292,4585,4585.TW
21,機器人／Physical AI,全球上游_供應,,NVDA★★★★★,,NVDA,5,False,293,NVDA,NVDA
21,機器人／Physical AI,全球上游_供應,,伺服馬達／減速機／線性傳動,伺服馬達 減速機 線性傳動,,0,False,294,,
21,機器人／Physical AI,全球競爭_同業,,Doosan454910.KS★★★★★,Doosan,454910.KS,5,False,295,454910.KS,454910.KS
21,機器人／Physical AI,全球競爭_同業,,FANUC6954.T★★★★★,FANUC,6954.T,5,False,296,6954.T,6954.T
21,機器人／Physical AI,全球競爭_同業,,ABB★★★★,,ABB,4,False,297,ABB,ABB
21,機器人／Physical AI,全球競爭_同業,,Yaskawa6506.T★★★★,Yaskawa,6506.T,4,False,298,6506.T,6506.T
21,機器人／Physical AI,全球合作_需求端,,NVDA Isaac/Jetson,Isaac/Jetson,NVDA,0,False,299,NVDA,NVDA
21,機器人／Physical AI,全球合作_需求端,,廣達2382★★★★★,廣達,2382,5,False,300,2382,2382.TW
21,機器人／Physical AI,台灣高關聯股,,所羅門2359★★★★,所羅門,2359,4,False,301,2359,2359.TW
21,機器人／Physical AI,台灣高關聯股,,上銀2049★★★★,上銀,2049,4,False,302,2049,2049.TW
21,機器人／Physical AI,台灣高關聯股,,直得1597★★★,直得,1597,3,False,303,1597,1597.TW
21,機器人／Physical AI,台灣高關聯股,,台灣精銳4583★★★★,台灣精銳,4583,4,False,304,4583,4583.TW
22,AI機櫃IC－電源／高速網通,台灣核心股,,矽力*-KY 6415 ★★★★,矽力*-KY,6415,4,False,305,6415,6415.TW
22,AI機櫃IC－電源／高速網通,台灣核心股,,達發6526 ★★★★,達發,6526,4,False,306,6526,6526.TW
22,AI機櫃IC－電源／高速網通,全球上游_供應,,台積電2330/TSM ★★★★,台積電,2330/TSM,4,False,307,2330,2330.TW
22,AI機櫃IC－電源／高速網通,全球上游_供應,,台積電2330/TSM ★★★★,台積電,2330/TSM,4,False,307,TSM,TSM
22,AI機櫃IC－電源／高速網通,全球上游_供應,,先進製程/封測供應鏈,先進製程/封測供應鏈,,0,False,308,,
22,AI機櫃IC－電源／高速網通,全球競爭_同業,電源管理,MPWR ★★★★★,,MPWR,5,False,309,MPWR,MPWR
22,AI機櫃IC－電源／高速網通,全球競爭_同業,電源管理,TXN ★★★★,,TXN,4,False,310,TXN,TXN
22,AI機櫃IC－電源／高速網通,全球競爭_同業,電源管理,ADI ★★★★,,ADI,4,False,311,ADI,ADI
22,AI機櫃IC－電源／高速網通,全球競爭_同業,高速網通,AVGO ★★★★★,,AVGO,5,False,312,AVGO,AVGO
22,AI機櫃IC－電源／高速網通,全球競爭_同業,高速網通,MRVL ★★★★★,,MRVL,5,False,313,MRVL,MRVL
22,AI機櫃IC－電源／高速網通,全球競爭_同業,高速網通,QCOM ★★★★,,QCOM,4,False,314,QCOM,QCOM
22,AI機櫃IC－電源／高速網通,全球合作_需求端,,AI機櫃電源重構,AI機櫃電源重構,,0,False,315,,
22,AI機櫃IC－電源／高速網通,全球合作_需求端,,企業級SSD電源,企業級SSD電源,,0,False,316,,
22,AI機櫃IC－電源／高速網通,全球合作_需求端,,800G/1.6T高速網通與光模組,高速網通與光模組,800G/1.6T,0,False,317,800G,800G
22,AI機櫃IC－電源／高速網通,全球合作_需求端,,800G/1.6T高速網通與光模組,高速網通與光模組,800G/1.6T,0,False,317,1.6T,1.6T
22,AI機櫃IC－電源／高速網通,台灣高關聯股,,台達電2308 ★★★★,台達電,2308,4,False,318,2308,2308.TW
22,AI機櫃IC－電源／高速網通,台灣高關聯股,,聯發科2454 ★★★★,聯發科,2454,4,False,319,2454,2454.TW
22,AI機櫃IC－電源／高速網通,台灣高關聯股,,瑞昱2379 ★★★★,瑞昱,2379,4,False,320,2379,2379.TW
22,AI機櫃IC－電源／高速網通,台灣高關聯股,,智邦2345 ★★★★,智邦,2345,4,False,321,2345,2345.TW
23,記憶體模組,台灣核心股,,緯創3231 ★★★★,緯創,3231,4,False,322,3231,3231.TW
23,記憶體模組,全球上游_供應,,DRAM/NAND原廠,NAND原廠,DRAM,0,False,323,DRAM,DRAM
23,記憶體模組,全球競爭_同業,,MU★★★★★,,MU,5,False,324,MU,MU
23,記憶體模組,全球競爭_同業,,SK hynix★★★★,SK hynix,000660.KS,4,False,325,000660.KS,000660.KS
23,記憶體模組,全球競爭_同業,,Samsung★★★★,Samsung,005930.KS,4,False,326,005930.KS,005930.KS
23,記憶體模組,全球合作_需求端,,PC／Server／AI終端,PC Server AI終端,,0,False,327,,
23,記憶體模組,台灣高關聯股,,南亞科2408★★★★,南亞科,2408,4,False,328,2408,2408.TW
23,記憶體模組,台灣高關聯股,,威剛3260★★★★,威剛,3260,4,False,329,3260,3260.TW
24,貨櫃／航運電子關聯,台灣核心股,,萬海2615 ★★★,萬海,2615,3,False,330,2615,2615.TW
24,貨櫃／航運電子關聯,全球上游_供應,,燃油／港口／貨櫃運價,燃油 港口 貨櫃運價,,0,False,331,,
24,貨櫃／航運電子關聯,全球競爭_同業,,ZIM★★★,,ZIM,3,False,332,ZIM,ZIM
24,貨櫃／航運電子關聯,全球競爭_同業,,Maersk★★★,Maersk,,3,False,333,,
24,貨櫃／航運電子關聯,全球合作_需求端,,SCFI／亞洲航線需求,亞洲航線需求,SCFI,0,False,334,SCFI,SCFI
24,貨櫃／航運電子關聯,台灣高關聯股,,長榮2603,長榮,2603,0,False,335,2603,2603.TW
24,貨櫃／航運電子關聯,台灣高關聯股,,陽明2609,陽明,2609,0,False,336,2609,2609.TW
25,電源／AI機櫃,台灣核心股,,台虹8039 ★★★★,台虹,8039,4,False,337,8039,8039.TW
25,電源／AI機櫃,全球上游_供應,,電子材料／軟板材料,電子材料 軟板材料,,0,False,338,,
25,電源／AI機櫃,全球競爭_同業,,DuPont★★★,DuPont,DD,3,False,339,DD,DD
25,電源／AI機櫃,全球競爭_同業,,材料同業,材料同業,,0,False,340,,
25,電源／AI機櫃,全球合作_需求端,,AI Server／消費電子,AI Server 消費電子,,0,False,341,,
25,電源／AI機櫃,台灣高關聯股,,台光電2383★★★,台光電,2383,3,False,342,2383,2383.TW
25,電源／AI機櫃,台灣高關聯股,,聯茂6213★★★,聯茂,6213,3,False,343,6213,6213.TW
26,電子製造／零組件,台灣核心股,,光寶科2301 ★★★★,光寶科,2301,4,False,344,2301,2301.TW
26,電子製造／零組件,全球上游_供應,,電源／光電／零組件,電源 光電 零組件,,0,False,345,,
26,電子製造／零組件,全球競爭_同業,,DELTA相關供應鏈,相關供應鏈,DELTA,0,False,346,DELTA,DELTA
26,電子製造／零組件,全球競爭_同業,,Lite-On全球同業,Lite-On全球同業,,0,False,347,,
26,電子製造／零組件,全球合作_需求端,,AI Server／PC／消費電子,AI Server PC 消費電子,,0,False,348,,
26,電子製造／零組件,台灣高關聯股,,台達電2308★★★★,台達電,2308,4,False,349,2308,2308.TW
26,電子製造／零組件,台灣高關聯股,,群光2385★★★,群光,2385,3,False,350,2385,2385.TW
27,電子材料／零組件,台灣核心股,,盟立2464 ★★★,盟立,2464,3,False,351,2464,2464.TW
27,電子材料／零組件,全球上游_供應,,自動化／系統整合,自動化 系統整合,,0,False,352,,
27,電子材料／零組件,全球競爭_同業,,Rockwell★★★,Rockwell,ROK,3,False,353,ROK,ROK
27,電子材料／零組件,全球競爭_同業,,Siemens★★★,Siemens,SIE.DE,3,False,354,SIE.DE,SIE.DE
27,電子材料／零組件,全球合作_需求端,,半導體／面板／自動化設備需求,半導體 面板 自動化設備需求,,0,False,355,,
27,電子材料／零組件,台灣高關聯股,,所羅門2359★★★,所羅門,2359,3,False,356,2359,2359.TW
27,電子材料／零組件,台灣高關聯股,,廣運6125★★★,廣運,6125,3,False,357,6125,6125.TW
28,電子零組件／連接器,台灣核心股,,川湖2059 ★★★★★,川湖,2059,5,False,358,2059,2059.TW
28,電子零組件／連接器,全球上游_供應,,金屬件／滑軌零組件,金屬件 滑軌零組件,,0,False,359,,
28,電子零組件／連接器,全球競爭_同業,,Accuride★★★,Accuride,ACW,3,False,360,ACW,ACW
28,電子零組件／連接器,全球合作_需求端,,AI Server／資料中心,AI Server 資料中心,,0,False,361,,
28,電子零組件／連接器,台灣高關聯股,,勤誠8210★★★★,勤誠,8210,4,False,362,8210,8210.TW
28,電子零組件／連接器,台灣高關聯股,,晟銘電3013★★★,晟銘電,3013,3,False,363,3013,3013.TW
29,電子零組件／連接器,台灣核心股,,精誠6214 ★★★,精誠,6214,3,False,364,6214,6214.TW
29,電子零組件／連接器,全球上游_供應,,軟體／系統整合,軟體 系統整合,,0,False,365,,
29,電子零組件／連接器,全球競爭_同業,,ACN★★★,,ACN,3,False,366,ACN,ACN
29,電子零組件／連接器,全球競爭_同業,,IBM★★★,,IBM,3,False,367,IBM,IBM
29,電子零組件／連接器,全球合作_需求端,,企業IT／雲端／AI導入,企業IT 雲端 AI導入,,0,False,368,,
29,電子零組件／連接器,台灣高關聯股,,零壹3029★★★,零壹,3029,3,False,369,3029,3029.TW
29,電子零組件／連接器,台灣高關聯股,,邁達特6112★★★,邁達特,6112,3,False,370,6112,6112.TW
30,電子零組件,台灣核心股,,研華2395 ★★★★,研華,2395,4,False,371,2395,2395.TW
30,電子零組件,全球上游_供應,,工業電腦零組件／Edge AI,工業電腦零組件 Edge AI,,0,False,372,,
30,電子零組件,全球競爭_同業,,ADLINK相關,相關,ADLINK,0,False,373,ADLINK,ADLINK
30,電子零組件,全球競爭_同業,,Siemens★★★,Siemens,SIE.DE,3,False,374,SIE.DE,SIE.DE
30,電子零組件,全球合作_需求端,,工控／Edge AI／智慧製造,工控 Edge AI 智慧製造,,0,False,375,,
30,電子零組件,台灣高關聯股,,凌華6166★★★★,凌華,6166,4,False,376,6166,6166.TW
30,電子零組件,台灣高關聯股,,樺漢6414★★★★,樺漢,6414,4,False,377,6414,6414.TW
31,AI Server機構件／金屬機殼,台灣核心股,,可成2474 ★★★★,可成,2474,4,False,378,2474,2474.TW
31,AI Server機構件／金屬機殼,全球上游_供應,,鋁鎂合金／CNC／精密金屬加工,鋁鎂合金  精密金屬加工,CNC,0,False,379,CNC,CNC
31,AI Server機構件／金屬機殼,全球競爭_同業,,Jabil JBL★★★★,Jabil JBL,,4,False,380,,
31,AI Server機構件／金屬機殼,全球競爭_同業,,Hon Hai 2317.TW★★★★,Hon Hai,2317.TW,4,False,381,2317.TW,2317.TW
31,AI Server機構件／金屬機殼,全球合作_需求端,,NVDA★★★★★,,NVDA,5,False,382,NVDA,NVDA
31,AI Server機構件／金屬機殼,全球合作_需求端,,AI Server／Vera Rubin供應鏈,AI Server Vera Rubin供應鏈,,0,False,383,,
31,AI Server機構件／金屬機殼,台灣高關聯股,,勤誠8210★★★★,勤誠,8210,4,False,384,8210,8210.TW
31,AI Server機構件／金屬機殼,台灣高關聯股,,晟銘電3013★★★★,晟銘電,3013,4,False,385,3013,3013.TW
31,AI Server機構件／金屬機殼,台灣高關聯股,,富世達6805★★★,富世達,6805,3,False,386,6805,6805.TW
32,AI Server電源／連接器,台灣核心股,,瀚荃8103 ★★★★,瀚荃,8103,4,False,387,8103,8103.TW
32,AI Server電源／連接器,全球上游_供應,,連接器／線材／電源相關零組件,連接器 線材 電源相關零組件,,0,False,388,,
32,AI Server電源／連接器,全球競爭_同業,,APH★★★★,,APH,4,False,389,APH,APH
32,AI Server電源／連接器,全球競爭_同業,,TEL★★★★,,TEL,4,False,390,TEL,TEL
32,AI Server電源／連接器,全球競爭_同業,,JAE★★★,JAE,,3,False,391,,
32,AI Server電源／連接器,全球合作_需求端,,AI Server電源需求,AI Server電源需求,,0,False,392,,
32,AI Server電源／連接器,全球合作_需求端,,資料中心／伺服器,資料中心 伺服器,,0,False,393,,
32,AI Server電源／連接器,台灣高關聯股,,光寶科2301★★★★,光寶科,2301,4,False,394,2301,2301.TW
32,AI Server電源／連接器,台灣高關聯股,,台達電2308★★★★,台達電,2308,4,False,395,2308,2308.TW
32,AI Server電源／連接器,台灣高關聯股,,貿聯-KY3665★★★★,貿聯-KY,3665,4,False,396,3665,3665.TW
33,矽電容／Silicon Capacitor,台灣核心股,,愛普6531 ★★★★★,愛普,6531,5,False,397,6531,6531.TW
33,矽電容／Silicon Capacitor,台灣核心股,,力積電6770 ★★★★,力積電,6770,4,False,398,6770,6770.TW
33,矽電容／Silicon Capacitor,台灣核心股,,聯電2303 ★★★★,聯電,2303,4,False,399,2303,2303.TW
33,矽電容／Silicon Capacitor,台灣核心股,,華邦電2344 ★★★★,華邦電,2344,4,False,400,2344,2344.TW
33,矽電容／Silicon Capacitor,全球上游_供應,,高深寬比深溝槽／DRAM堆疊電容製程,高深寬比深溝槽 堆疊電容製程,DRAM,0,False,401,DRAM,DRAM
33,矽電容／Silicon Capacitor,全球上游_供應,,8吋／12吋成熟製程,8吋 12吋成熟製程,,0,False,402,,
33,矽電容／Silicon Capacitor,全球上游_供應,,先進封裝,先進封裝,,0,False,403,,
33,矽電容／Silicon Capacitor,全球競爭_同業,,Murata 6981.T ★★★★,Murata,6981.T,4,False,404,6981.T,6981.T
33,矽電容／Silicon Capacitor,全球競爭_同業,,TDK 6762.T ★★★★,TDK,6762.T,4,False,405,6762.T,6762.T
33,矽電容／Silicon Capacitor,全球競爭_同業,,Samsung Electro-Mechanics 009150.KS ★★★★,Samsung Electro-Mechanics,009150.KS,4,False,406,009150.KS,009150.KS
33,矽電容／Silicon Capacitor,全球合作_需求端,,AI/HPC先進封裝,AI/先進封裝,HPC,0,False,407,HPC,HPC
33,矽電容／Silicon Capacitor,全球合作_需求端,,Chiplet,Chiplet,,0,False,408,,
33,矽電容／Silicon Capacitor,全球合作_需求端,,HBM,,HBM,0,False,409,HBM,HBM
33,矽電容／Silicon Capacitor,全球合作_需求端,,SoC電源完整性／高速I/O,SoC電源完整性 高速I/O,,0,False,410,,
33,矽電容／Silicon Capacitor,台灣高關聯股,,愛普→產品/IP,愛普→產品/IP,,0,True,411,,
33,矽電容／Silicon Capacitor,台灣高關聯股,,力積電→8/12吋代工,力積電→8/12吋代工,,0,True,412,,
33,矽電容／Silicon Capacitor,台灣高關聯股,,聯電→DTC/橋接晶片,,DTC,0,True,413,DTC,DTC
33,矽電容／Silicon Capacitor,台灣高關聯股,,華邦電→Foundry/PDK,,PDK,0,True,414,PDK,PDK
34,大電流連接器／AI電源,台灣核心股,,建準2421 ★★★★,建準,2421,4,False,415,2421,2421.TW
34,大電流連接器／AI電源,台灣核心股,,新盛力4931 ★★★★,新盛力,4931,4,False,416,4931,4931.TW
34,大電流連接器／AI電源,全球上游_供應,,電源模組／BBU／連接器材料,電源模組 BBU 連接器材料,,0,False,417,,
34,大電流連接器／AI電源,全球競爭_同業,,APH★★★★,,APH,4,False,418,APH,APH
34,大電流連接器／AI電源,全球競爭_同業,,TEL★★★★,,TEL,4,False,419,TEL,TEL
34,大電流連接器／AI電源,全球競爭_同業,,VRT★★★★,,VRT,4,False,420,VRT,VRT
34,大電流連接器／AI電源,全球合作_需求端,,AI Server／BBU／高功率電源,AI Server BBU 高功率電源,,0,False,421,,
34,大電流連接器／AI電源,台灣高關聯股,,光寶科2301★★★★,光寶科,2301,4,False,422,2301,2301.TW
34,大電流連接器／AI電源,台灣高關聯股,,台達電2308★★★★,台達電,2308,4,False,423,2308,2308.TW
34,大電流連接器／AI電源,台灣高關聯股,,瀚荃8103★★★★,瀚荃,8103,4,False,424,8103,8103.TW
35,半導體材料分析／檢測,台灣核心股,,汎銓6830 ★★★★,汎銓,6830,4,False,425,6830,6830.TW
35,半導體材料分析／檢測,全球上游_供應,,半導體材料／分析設備,半導體材料 分析設備,,0,False,426,,
35,半導體材料分析／檢測,全球競爭_同業,,材料分析與故障分析服務商,材料分析與故障分析服務商,,0,False,427,,
35,半導體材料分析／檢測,全球合作_需求端,,先進製程／矽光子／晶圓代工,先進製程 矽光子 晶圓代工,,0,False,428,,
35,半導體材料分析／檢測,台灣高關聯股,,台積電2330★★★★,台積電,2330,4,False,429,2330,2330.TW
35,半導體材料分析／檢測,台灣高關聯股,,聯電2303★★★,聯電,2303,3,False,430,2303,2303.TW
35,半導體材料分析／檢測,台灣高關聯股,,日月光3711★★★,日月光,3711,3,False,431,3711,3711.TW
36,AI伺服器主板／系統,台灣核心股,,永擎7711 ★★★★,永擎,7711,4,False,432,7711,7711.TW
36,AI伺服器主板／系統,全球上游_供應,,CPU/GPU／PCB／Memory／電源,CPU/GPU PCB Memory 電源,,0,False,433,,
36,AI伺服器主板／系統,全球競爭_同業,,SMCI★★★★,,SMCI,4,False,434,SMCI,SMCI
36,AI伺服器主板／系統,全球競爭_同業,,DELL★★★,,DELL,3,False,435,DELL,DELL
36,AI伺服器主板／系統,全球競爭_同業,,HPE★★★,,HPE,3,False,436,HPE,HPE
36,AI伺服器主板／系統,全球合作_需求端,,AI Server／Enterprise Server,AI Server Enterprise Server,,0,False,437,,
36,AI伺服器主板／系統,台灣高關聯股,,華擎3515★★★★,華擎,3515,4,False,438,3515,3515.TW
36,AI伺服器主板／系統,台灣高關聯股,,廣達2382★★★,廣達,2382,3,False,439,2382,2382.TW
36,AI伺服器主板／系統,台灣高關聯股,,緯穎6669★★★,緯穎,6669,3,False,440,6669,6669.TW
37,InP光通訊代工,台灣核心股,,光環3234 ★★★★,光環,3234,4,False,441,3234,3234.TW
37,InP光通訊代工,全球上游_供應,,InP磊晶／光通訊晶片,InP磊晶 光通訊晶片,,0,False,442,,
37,InP光通訊代工,全球競爭_同業,,COHR★★★★,,COHR,4,False,443,COHR,COHR
37,InP光通訊代工,全球競爭_同業,,LITE★★★★,,LITE,4,False,444,LITE,LITE
37,InP光通訊代工,全球合作_需求端,,800G／1.6T／CPO光通訊,1.6T CPO光通訊,800G,0,False,445,800G,800G
37,InP光通訊代工,台灣高關聯股,,聯亞3081★★★★★,聯亞,3081,5,False,446,3081,3081.TW
37,InP光通訊代工,台灣高關聯股,,華星光4979★★★★,華星光,4979,4,False,447,4979,4979.TW
37,InP光通訊代工,台灣高關聯股,,聯鈞3450★★★★,聯鈞,3450,4,False,448,3450,3450.TW
38,光纖／光通訊,台灣核心股,,沛亨6291 ★★★★,沛亨,6291,4,False,449,6291,6291.TW
38,光纖／光通訊,全球上游_供應,,光纖／光通訊零組件,光纖 光通訊零組件,,0,False,450,,
38,光纖／光通訊,全球競爭_同業,,COHR★★★,,COHR,3,False,451,COHR,COHR
38,光纖／光通訊,全球競爭_同業,,LITE★★★,,LITE,3,False,452,LITE,LITE
38,光纖／光通訊,全球合作_需求端,,AI資料中心／高速光通訊,AI資料中心 高速光通訊,,0,False,453,,
38,光纖／光通訊,台灣高關聯股,,華星光4979★★★,華星光,4979,3,False,454,4979,4979.TW
38,光纖／光通訊,台灣高關聯股,,波若威3163★★★,波若威,3163,3,False,455,3163,3163.TW
38,光纖／光通訊,台灣高關聯股,,上詮3363★★★,上詮,3363,3,False,456,3363,3363.TW
39,電子零組件／連接器,台灣核心股,,微星2377 ★★★★,微星,2377,4,False,457,2377,2377.TW
39,電子零組件／連接器,台灣核心股,,前鼎4908 ★★★★,前鼎,4908,4,False,458,4908,4908.TW
39,電子零組件／連接器,全球上游_供應,,連接器／光通訊元件／伺服器零組件,連接器 光通訊元件 伺服器零組件,,0,False,459,,
39,電子零組件／連接器,全球競爭_同業,,AI Server與光通訊同業,AI Server與光通訊同業,,0,False,460,,
39,電子零組件／連接器,全球合作_需求端,,AI Server／高速網路,AI Server 高速網路,,0,False,461,,
39,電子零組件／連接器,台灣高關聯股,,瀚荃8103★★★★,瀚荃,8103,4,False,462,8103,8103.TW
39,電子零組件／連接器,台灣高關聯股,,建準2421★★★,建準,2421,3,False,463,2421,2421.TW
